"year","SAM","min.val","max.val","dd_mean","dd_sd"
1994,"BI_LT80","16.5","50",NA,NA
2001,"BI_LT80","16.5","50",NA,NA
2008,"BI_LT80","16.5","50",NA,NA
2015,"BI_LT80","16.5","50",58.1541481018066,55.1034425135326
2022,"BI_LT80","16.5","50",NA,NA
1993,"BI_LT80","16","50",NA,NA
2000,"BI_LT80","16","50",NA,NA
2007,"BI_LT80","16","50",NA,NA
2014,"BI_LT80","16","50",57.8626365661621,NA
2021,"BI_LT80","16","50",NA,NA
1996,"BI_LT80","17.5","50",NA,NA
2003,"BI_LT80","17.5","50",NA,NA
2010,"BI_LT80","17.5","50",NA,NA
2017,"BI_LT80","17.5","50",NA,NA
1995,"BI_LT80","17","50",38.6109809875488,27.7210814554242
2002,"BI_LT80","17","50",NA,NA
2009,"BI_LT80","17","50",38.1715126037598,NA
2016,"BI_LT80","17","50",28.9379100799561,13.9128486756368
2023,"BI_LT80","17","50",NA,NA
1998,"BI_LT80","18.5","50",NA,NA
2005,"BI_LT80","18.5","50",NA,NA
2012,"BI_LT80","18.5","50",NA,NA
2019,"BI_LT80","18.5","50",19.107364654541,NA
1997,"BI_LT80","18","50",NA,NA
2004,"BI_LT80","18","50",19.137393951416,NA
2011,"BI_LT80","18","50",NA,NA
2018,"BI_LT80","18","50",163.713985170637,141.985275733154
1999,"BI_LT80","19","50",98.4885692596436,NA
2006,"BI_LT80","19","50",NA,NA
2013,"BI_LT80","19","50",NA,NA
2020,"BI_LT80","19","50",NA,NA
1994,"DMV_LT80","16.5","50",46.3314344882965,33.0854931333204
2001,"DMV_LT80","16.5","50",202.226573610306,175.471952024079
2008,"DMV_LT80","16.5","50",237.000477350675,204.725424477111
2015,"DMV_LT80","16.5","50",499.810311864634,349.10448955648
2022,"DMV_LT80","16.5","50",91.8407168755164,83.9837220256116
1993,"DMV_LT80","16","50",NA,NA
2000,"DMV_LT80","16","50",68.5003356933594,42.1663480032387
2007,"DMV_LT80","16","50",NA,NA
2014,"DMV_LT80","16","50",606.481109657288,354.095803814136
2021,"DMV_LT80","16","50",48.0694446563721,13.5689546683726
1996,"DMV_LT80","17.5","50",NA,NA
2003,"DMV_LT80","17.5","50",58.0820026397705,28.3814234422022
2010,"DMV_LT80","17.5","50",NA,NA
2017,"DMV_LT80","17.5","50",167.716855823994,116.002650405417
1995,"DMV_LT80","17","50",486.607562337603,419.96199331205
2002,"DMV_LT80","17","50",87.8347573280334,49.3071634930901
2009,"DMV_LT80","17","50",290.582415262858,228.477957999874
2016,"DMV_LT80","17","50",339.625316012989,280.747033983754
2023,"DMV_LT80","17","50",151.677902149704,147.524596618563
1998,"DMV_LT80","18.5","50",NA,NA
2005,"DMV_LT80","18.5","50",49.5450649261475,33.3718894263967
2012,"DMV_LT80","18.5","50",242.251090367635,238.36374552681
2019,"DMV_LT80","18.5","50",526.238017135196,213.732878539717
1997,"DMV_LT80","18","50",NA,NA
2004,"DMV_LT80","18","50",NA,NA
2011,"DMV_LT80","18","50",179.288705825806,138.241823252827
2018,"DMV_LT80","18","50",57.8040409088135,NA
1999,"DMV_LT80","19","50",543.807324000767,422.746104506044
2006,"DMV_LT80","19","50",207.865966558456,186.062464432521
2013,"DMV_LT80","19","50",NA,NA
2020,"DMV_LT80","19","50",214.211680996803,169.538048224918
1994,"ET_LT80","16.5","50",NA,NA
2001,"ET_LT80","16.5","50",58.1999273300171,27.2420086808193
2008,"ET_LT80","16.5","50",97.7745722602396,74.9060739294538
2015,"ET_LT80","16.5","50",142.742000131046,115.375420417858
2022,"ET_LT80","16.5","50",59.385397805108,32.3439670274289
1993,"ET_LT80","16","50",NA,NA
2000,"ET_LT80","16","50",NA,NA
2007,"ET_LT80","16","50",NA,NA
2014,"ET_LT80","16","50",234.981736591884,228.212370051073
2021,"ET_LT80","16","50",NA,NA
1996,"ET_LT80","17.5","50",NA,NA
2003,"ET_LT80","17.5","50",NA,NA
2010,"ET_LT80","17.5","50",NA,NA
2017,"ET_LT80","17.5","50",180.401859283447,84.5334730598876
1995,"ET_LT80","17","50",247.833009719849,44.683145084422
2002,"ET_LT80","17","50",NA,NA
2009,"ET_LT80","17","50",NA,NA
2016,"ET_LT80","17","50",162.08065923055,50.9640743452556
2023,"ET_LT80","17","50",123.853349276951,130.573463738841
1998,"ET_LT80","18.5","50",NA,NA
2005,"ET_LT80","18.5","50",NA,NA
2012,"ET_LT80","18.5","50",NA,NA
2019,"ET_LT80","18.5","50",263.50915228354,137.61458703704
1997,"ET_LT80","18","50",NA,NA
2004,"ET_LT80","18","50",NA,NA
2011,"ET_LT80","18","50",19.0414447784424,NA
2018,"ET_LT80","18","50",NA,NA
1999,"ET_LT80","19","50",169.561291077558,138.073735932509
2006,"ET_LT80","19","50",NA,NA
2013,"ET_LT80","19","50",NA,NA
2020,"ET_LT80","19","50",116.664766760433,120.812958100166
1994,"HCS_LT80","16.5","50",NA,NA
2001,"HCS_LT80","16.5","50",NA,NA
2008,"HCS_LT80","16.5","50",NA,NA
2015,"HCS_LT80","16.5","50",71.9404664039612,36.4377381981065
2022,"HCS_LT80","16.5","50",NA,NA
1993,"HCS_LT80","16","50",NA,NA
2000,"HCS_LT80","16","50",NA,NA
2007,"HCS_LT80","16","50",NA,NA
2014,"HCS_LT80","16","50",57.999605178833,NA
2021,"HCS_LT80","16","50",NA,NA
1996,"HCS_LT80","17.5","50",NA,NA
2003,"HCS_LT80","17.5","50",NA,NA
2010,"HCS_LT80","17.5","50",NA,NA
2017,"HCS_LT80","17.5","50",NA,NA
1995,"HCS_LT80","17","50",NA,NA
2002,"HCS_LT80","17","50",NA,NA
2009,"HCS_LT80","17","50",NA,NA
2016,"HCS_LT80","17","50",NA,NA
2023,"HCS_LT80","17","50",55.4992101192474,26.3427240256363
1998,"HCS_LT80","18.5","50",NA,NA
2005,"HCS_LT80","18.5","50",NA,NA
2012,"HCS_LT80","18.5","50",NA,NA
2019,"HCS_LT80","18.5","50",114.706608884475,84.6194509984833
1997,"HCS_LT80","18","50",NA,NA
2004,"HCS_LT80","18","50",NA,NA
2011,"HCS_LT80","18","50",NA,NA
2018,"HCS_LT80","18","50",NA,NA
1999,"HCS_LT80","19","50",129.721228599548,10.2107841418678
2006,"HCS_LT80","19","50",NA,NA
2013,"HCS_LT80","19","50",NA,NA
2020,"HCS_LT80","19","50",76.6081733703613,NA
1994,"LI_LT80","16.5","50",35.7094424111502,13.2420003340247
2001,"LI_LT80","16.5","50",191.353336334229,171.867738001244
2008,"LI_LT80","16.5","50",126.434489113944,128.863058493749
2015,"LI_LT80","16.5","50",170.748987053623,155.313014780705
2022,"LI_LT80","16.5","50",214.831337087295,160.111564468171
1993,"LI_LT80","16","50",175.851271820068,122.201041036464
2000,"LI_LT80","16","50",170.541565288197,147.008824123221
2007,"LI_LT80","16","50",150.326253467136,169.254970860427
2014,"LI_LT80","16","50",377.626089350382,282.738306689588
2021,"LI_LT80","16","50",222.829032452901,227.566048454413
1996,"LI_LT80","17.5","50",180.473548412323,179.893249363599
2003,"LI_LT80","17.5","50",244.233363072077,180.327424347253
2010,"LI_LT80","17.5","50",79.4529867172241,66.1509563841436
2017,"LI_LT80","17.5","50",213.32004799714,203.399910802458
1995,"LI_LT80","17","50",464.792790840412,289.500592573512
2002,"LI_LT80","17","50",423.506622552872,269.898458837945
2009,"LI_LT80","17","50",296.538544577521,210.483940033634
2016,"LI_LT80","17","50",268.41228413052,227.010742019016
2023,"LI_LT80","17","50",113.424542687156,116.01729933453
1998,"LI_LT80","18.5","50",149.584840774536,122.617913393922
2005,"LI_LT80","18.5","50",172.170680727277,157.432103541912
2012,"LI_LT80","18.5","50",248.175514782176,214.767398401275
2019,"LI_LT80","18.5","50",221.59223564148,237.555617157639
1997,"LI_LT80","18","50",116.707166512807,112.543990289877
2004,"LI_LT80","18","50",296.819177536737,195.126634432441
2011,"LI_LT80","18","50",262.479778970991,216.646605642721
2018,"LI_LT80","18","50",539.080725533622,311.858376354291
1999,"LI_LT80","19","50",356.300642104376,279.912582171068
2006,"LI_LT80","19","50",270.114181518555,181.384872425679
2013,"LI_LT80","19","50",141.153015681675,108.474963061235
2020,"LI_LT80","19","50",275.285132278096,213.109694699173
1994,"MAB_NEARSHORE_6_LT80","16.5","50",NA,NA
2001,"MAB_NEARSHORE_6_LT80","16.5","50",NA,NA
2008,"MAB_NEARSHORE_6_LT80","16.5","50",57.3799543380737,27.1783042250572
2015,"MAB_NEARSHORE_6_LT80","16.5","50",84.7580549910262,68.8323688104675
2022,"MAB_NEARSHORE_6_LT80","16.5","50",38.1384321848551,24.1780582348647
1993,"MAB_NEARSHORE_6_LT80","16","50",NA,NA
2000,"MAB_NEARSHORE_6_LT80","16","50",NA,NA
2007,"MAB_NEARSHORE_6_LT80","16","50",NA,NA
2014,"MAB_NEARSHORE_6_LT80","16","50",267.43652184065,207.503589341802
2021,"MAB_NEARSHORE_6_LT80","16","50",NA,NA
1996,"MAB_NEARSHORE_6_LT80","17.5","50",NA,NA
2003,"MAB_NEARSHORE_6_LT80","17.5","50",NA,NA
2010,"MAB_NEARSHORE_6_LT80","17.5","50",NA,NA
2017,"MAB_NEARSHORE_6_LT80","17.5","50",219.507190592149,133.194755689692
1995,"MAB_NEARSHORE_6_LT80","17","50",223.023512249901,172.376667307223
2002,"MAB_NEARSHORE_6_LT80","17","50",32.1185646057129,11.115629025442
2009,"MAB_NEARSHORE_6_LT80","17","50",77.3376865386963,27.7252246592202
2016,"MAB_NEARSHORE_6_LT80","17","50",141.080960569711,115.260270162053
2023,"MAB_NEARSHORE_6_LT80","17","50",219.06652709416,129.443282663875
1998,"MAB_NEARSHORE_6_LT80","18.5","50",NA,NA
2005,"MAB_NEARSHORE_6_LT80","18.5","50",NA,NA
2012,"MAB_NEARSHORE_6_LT80","18.5","50",NA,NA
2019,"MAB_NEARSHORE_6_LT80","18.5","50",117.825467241727,81.6488137615654
1997,"MAB_NEARSHORE_6_LT80","18","50",NA,NA
2004,"MAB_NEARSHORE_6_LT80","18","50",NA,NA
2011,"MAB_NEARSHORE_6_LT80","18","50",83.0783710479736,55.3664927906479
2018,"MAB_NEARSHORE_6_LT80","18","50",191.495802688599,117.074170495902
1999,"MAB_NEARSHORE_6_LT80","19","50",258.231956863403,201.444996682635
2006,"MAB_NEARSHORE_6_LT80","19","50",19.0128784179688,NA
2013,"MAB_NEARSHORE_6_LT80","19","50",NA,NA
2020,"MAB_NEARSHORE_6_LT80","19","50",292.83261920929,218.922139290605
1994,"MAB_NEARSHORE_LT80","16.5","50",NA,NA
2001,"MAB_NEARSHORE_LT80","16.5","50",50.9744217395782,34.7920915050697
2008,"MAB_NEARSHORE_LT80","16.5","50",293.144797065041,84.4326208813019
2015,"MAB_NEARSHORE_LT80","16.5","50",565.167483193534,205.132963271487
2022,"MAB_NEARSHORE_LT80","16.5","50",81.29589955012,20.2329635965971
1993,"MAB_NEARSHORE_LT80","16","50",NA,NA
2000,"MAB_NEARSHORE_LT80","16","50",NA,NA
2007,"MAB_NEARSHORE_LT80","16","50",NA,NA
2014,"MAB_NEARSHORE_LT80","16","50",724.049199240548,137.056154114201
2021,"MAB_NEARSHORE_LT80","16","50",19.1820735931396,NA
1996,"MAB_NEARSHORE_LT80","17.5","50",NA,NA
2003,"MAB_NEARSHORE_LT80","17.5","50",NA,NA
2010,"MAB_NEARSHORE_LT80","17.5","50",NA,NA
2017,"MAB_NEARSHORE_LT80","17.5","50",313.163159370422,198.876568702416
1995,"MAB_NEARSHORE_LT80","17","50",361.840266704559,164.386837640785
2002,"MAB_NEARSHORE_LT80","17","50",83.8796666463216,49.1201856941957
2009,"MAB_NEARSHORE_LT80","17","50",188.91489301409,114.063356293405
2016,"MAB_NEARSHORE_LT80","17","50",239.617128665631,205.657075005195
2023,"MAB_NEARSHORE_LT80","17","50",367.15628692082,157.900095983238
1998,"MAB_NEARSHORE_LT80","18.5","50",NA,NA
2005,"MAB_NEARSHORE_LT80","18.5","50",NA,NA
2012,"MAB_NEARSHORE_LT80","18.5","50",178.623484134674,165.631584937153
2019,"MAB_NEARSHORE_LT80","18.5","50",274.690206663949,87.9266968704765
1997,"MAB_NEARSHORE_LT80","18","50",NA,NA
2004,"MAB_NEARSHORE_LT80","18","50",NA,NA
2011,"MAB_NEARSHORE_LT80","18","50",347.964415232341,169.269696804081
2018,"MAB_NEARSHORE_LT80","18","50",70.6340840657552,40.8863751726199
1999,"MAB_NEARSHORE_LT80","19","50",556.608333905538,326.749358278977
2006,"MAB_NEARSHORE_LT80","19","50",246.756249109904,181.832092875478
2013,"MAB_NEARSHORE_LT80","19","50",19.2428665161133,NA
2020,"MAB_NEARSHORE_LT80","19","50",310.056629453387,178.876800817013
1994,"NYB_2_LT80","16.5","50",NA,NA
2001,"NYB_2_LT80","16.5","50",NA,NA
2008,"NYB_2_LT80","16.5","50",NA,NA
2015,"NYB_2_LT80","16.5","50",NA,NA
2022,"NYB_2_LT80","16.5","50",NA,NA
1993,"NYB_2_LT80","16","50",NA,NA
2000,"NYB_2_LT80","16","50",NA,NA
2007,"NYB_2_LT80","16","50",NA,NA
2014,"NYB_2_LT80","16","50",NA,NA
2021,"NYB_2_LT80","16","50",NA,NA
1996,"NYB_2_LT80","17.5","50",NA,NA
2003,"NYB_2_LT80","17.5","50",NA,NA
2010,"NYB_2_LT80","17.5","50",NA,NA
2017,"NYB_2_LT80","17.5","50",NA,NA
1995,"NYB_2_LT80","17","50",NA,NA
2002,"NYB_2_LT80","17","50",NA,NA
2009,"NYB_2_LT80","17","50",NA,NA
2016,"NYB_2_LT80","17","50",NA,NA
2023,"NYB_2_LT80","17","50",48.2294836044312,13.3612698346016
1998,"NYB_2_LT80","18.5","50",NA,NA
2005,"NYB_2_LT80","18.5","50",NA,NA
2012,"NYB_2_LT80","18.5","50",NA,NA
2019,"NYB_2_LT80","18.5","50",153.943662643433,NA
1997,"NYB_2_LT80","18","50",NA,NA
2004,"NYB_2_LT80","18","50",NA,NA
2011,"NYB_2_LT80","18","50",NA,NA
2018,"NYB_2_LT80","18","50",NA,NA
1999,"NYB_2_LT80","19","50",NA,NA
2006,"NYB_2_LT80","19","50",NA,NA
2013,"NYB_2_LT80","19","50",NA,NA
2020,"NYB_2_LT80","19","50",NA,NA
1994,"NYB_9_LT80","16.5","50",NA,NA
2001,"NYB_9_LT80","16.5","50",NA,NA
2008,"NYB_9_LT80","16.5","50",NA,NA
2015,"NYB_9_LT80","16.5","50",69.8701090812683,32.757075361725
2022,"NYB_9_LT80","16.5","50",NA,NA
1993,"NYB_9_LT80","16","50",NA,NA
2000,"NYB_9_LT80","16","50",NA,NA
2007,"NYB_9_LT80","16","50",NA,NA
2014,"NYB_9_LT80","16","50",77.158727645874,19.1348757834026
2021,"NYB_9_LT80","16","50",NA,NA
1996,"NYB_9_LT80","17.5","50",NA,NA
2003,"NYB_9_LT80","17.5","50",NA,NA
2010,"NYB_9_LT80","17.5","50",NA,NA
2017,"NYB_9_LT80","17.5","50",NA,NA
1995,"NYB_9_LT80","17","50",NA,NA
2002,"NYB_9_LT80","17","50",NA,NA
2009,"NYB_9_LT80","17","50",NA,NA
2016,"NYB_9_LT80","17","50",NA,NA
2023,"NYB_9_LT80","17","50",NA,NA
1998,"NYB_9_LT80","18.5","50",NA,NA
2005,"NYB_9_LT80","18.5","50",NA,NA
2012,"NYB_9_LT80","18.5","50",NA,NA
2019,"NYB_9_LT80","18.5","50",112.486567735672,30.0967251096073
1997,"NYB_9_LT80","18","50",NA,NA
2004,"NYB_9_LT80","18","50",NA,NA
2011,"NYB_9_LT80","18","50",NA,NA
2018,"NYB_9_LT80","18","50",NA,NA
1999,"NYB_9_LT80","19","50",130.260868787766,59.7466019229545
2006,"NYB_9_LT80","19","50",NA,NA
2013,"NYB_9_LT80","19","50",NA,NA
2020,"NYB_9_LT80","19","50",60.7392040888468,22.3143378721961
1994,"NYB_LT80","16.5","50",NA,NA
2001,"NYB_LT80","16.5","50",91.1260175704956,83.5932262016698
2008,"NYB_LT80","16.5","50",111.020617675781,110.468065433105
2015,"NYB_LT80","16.5","50",126.660244270607,74.6591580774077
2022,"NYB_LT80","16.5","50",57.8472557067871,NA
1993,"NYB_LT80","16","50",NA,NA
2000,"NYB_LT80","16","50",277.725742340088,251.366250983701
2007,"NYB_LT80","16","50",258.820291519165,40.5131584380609
2014,"NYB_LT80","16","50",489.686984481812,266.162201526313
2021,"NYB_LT80","16","50",38.4344615936279,NA
1996,"NYB_LT80","17.5","50",28.9532918930054,13.6611423015331
2003,"NYB_LT80","17.5","50",132.112957000732,81.7810921123186
2010,"NYB_LT80","17.5","50",NA,NA
2017,"NYB_LT80","17.5","50",381.690551031203,311.562187363725
1995,"NYB_LT80","17","50",500.038078398932,359.820746481335
2002,"NYB_LT80","17","50",475.710426194327,268.248580557933
2009,"NYB_LT80","17","50",363.137098312378,176.627631648083
2016,"NYB_LT80","17","50",315.217136791774,261.524942941148
2023,"NYB_LT80","17","50",166.537060328892,113.24795981711
1998,"NYB_LT80","18.5","50",28.8558750152588,13.366965391122
2005,"NYB_LT80","18.5","50",NA,NA
2012,"NYB_LT80","18.5","50",298.537475903829,369.825972197411
2019,"NYB_LT80","18.5","50",252.105952686734,263.569925493569
1997,"NYB_LT80","18","50",146.007765769958,87.4022426005491
2004,"NYB_LT80","18","50",412.934446334839,36.7829466128897
2011,"NYB_LT80","18","50",217.436978340149,256.781512068414
2018,"NYB_LT80","18","50",571.724677630833,246.370178045256
1999,"NYB_LT80","19","50",397.444932238261,301.876325175671
2006,"NYB_LT80","19","50",220.522601214322,126.812014096701
2013,"NYB_LT80","19","50",19.0568256378174,NA
2020,"NYB_LT80","19","50",284.195416220303,198.833969756448
1994,"VIR_LT80","16.5","50",120.057359483507,91.4222344397723
2001,"VIR_LT80","16.5","50",497.870452632075,378.380734256101
2008,"VIR_LT80","16.5","50",556.356549815128,423.175661178382
2015,"VIR_LT80","16.5","50",671.891907135646,460.762957932264
2022,"VIR_LT80","16.5","50",380.744491577148,186.024593889693
1993,"VIR_LT80","16","50",145.281319141388,120.163049278598
2000,"VIR_LT80","16","50",158.217749459403,102.178683532068
2007,"VIR_LT80","16","50",87.8026895523071,50.3602867827271
2014,"VIR_LT80","16","50",857.796521822611,530.744292730018
2021,"VIR_LT80","16","50",38.2451248168945,0.126888313651262
1996,"VIR_LT80","17.5","50",38.6534633636475,27.4786959411624
2003,"VIR_LT80","17.5","50",249.281066322327,224.449425093682
2010,"VIR_LT80","17.5","50",165.441151046753,146.21979653337
2017,"VIR_LT80","17.5","50",408.614501476288,401.794346879633
1995,"VIR_LT80","17","50",595.816195487976,549.755882101412
2002,"VIR_LT80","17","50",575.01519648234,223.182118643864
2009,"VIR_LT80","17","50",432.893215815226,368.978921645354
2016,"VIR_LT80","17","50",435.986101659139,338.158521390019
2023,"VIR_LT80","17","50",300.328740710304,300.371977451846
1998,"VIR_LT80","18.5","50",138.389361381531,103.969399154651
2005,"VIR_LT80","18.5","50",196.890052061815,158.515662997093
2012,"VIR_LT80","18.5","50",410.749668502808,331.94062045766
2019,"VIR_LT80","18.5","50",735.308949549993,328.801839274787
1997,"VIR_LT80","18","50",149.492633342743,117.067723046087
2004,"VIR_LT80","18","50",86.8807101616493,64.6135863055161
2011,"VIR_LT80","18","50",357.750350815909,391.738436227395
2018,"VIR_LT80","18","50",292.336032322475,268.265174514715
1999,"VIR_LT80","19","50",772.938774333281,580.180146825021
2006,"VIR_LT80","19","50",319.959076139662,228.451147179578
2013,"VIR_LT80","19","50",157.405681292216,130.294802695527
2020,"VIR_LT80","19","50",480.134269194169,550.448382402085
